Id,BIRTHDATE,DEATHDATE,SSN,DRIVERS,PASSPORT,PREFIX,FIRST,MIDDLE,LAST,SUFFIX,MAIDEN,MARITAL,RACE,ETHNICITY,GENDER,BIRTHPLACE,ADDRESS,CITY,STATE,COUNTY,FIPS,ZIP,LAT,LON,HEALTHCARE_EXPENSES,HEALTHCARE_COVERAGE,INCOME
dbaa48b1-720a-f5f2-9360-ae6bb9321037,2022-04-19,,999-46-8625,,,,Georgine810,Caroyln232,Jacobs452,,,,white,nonhispanic,F,Boston  Massachusetts  US,674 Legros Ville,Marlborough,Massachusetts,Middlesex County,25017,01752,42.308589961113825,-71.56710741329738,6002.42,0.00,60469
8313967b-6432-89aa-090f-4d2b81558360,1989-12-26,,999-31-6504,S99917070,X12534338X,Mrs.,Suzanna632,Karissa612,Fay398,,Schulist381,M,white,nonhispanic,F,Hingham  Massachusetts  US,531 Collins Dam Unit 7,Leominster,Massachusetts,Worcester County,25027,01420,42.6150081318351,-71.77510820067182,257357.78,523549.41,43633
c525e0a9-c37c-419c-db08-86080b4b774d,1988-07-06,,999-84-5991,S99966682,X57704278X,Mr.,Johnson679,Warren653,Mann644,,,M,white,nonhispanic,M,Amesbury  Massachusetts  US,874 Hermann Extension Apt 54,Plymouth,Massachusetts,Plymouth County,25023,02360,41.8969807612544,-70.6645098520195,7576.94,161526.02,12746
ecb49d9e-4eb1-4743-237d-d8020ecd4f86,1943-10-22,,999-81-8785,S99942513,X26350147X,Mr.,Freeman822,Lamont867,Schowalter414,,,D,white,nonhispanic,M,Peabody  Massachusetts  US,459 Hackett Harbor,Lawrence,Massachusetts,Essex County,25009,01843,42.721493254763764,-71.16516497769288,22735.16,527081.23,14577
8bab136f-0ae3-e4be-3ef0-62d007e0d267,2004-02-29,,999-93-6499,S99940744,X71774583X,Mr.,Barrett790,Alfredo17,McDermott739,,,,asian,nonhispanic,M,Braintree  Massachusetts  US,162 Robel Approach Suite 64,Boston,Massachusetts,Suffolk County,25025,02111,42.311699518637695,-71.1073522233724,3621.16,37226.18,24550
2af8ff7f-722e-cf17-fbf0-64603ad9843d,2024-10-26,,999-52-1044,,,,Tonya123,Willie882,Wunsch504,,,,white,nonhispanic,F,Milford  Massachusetts  US,224 Williamson Road Apt 17,Needham,Massachusetts,Norfolk County,25021,02494,42.24065806976157,-71.27570731354572,1738.37,1121.46,909205
58cc9c96-6e85-78d1-1a01-9574c942e5b9,2012-06-12,,999-28-9739,,,,Herbert830,Kim439,Auer97,,,,white,hispanic,M,Waltham  Massachusetts  US,1088 Buckridge Ranch,Northbridge,Massachusetts,Worcester County,,00000,42.13428353403576,-71.6338084159769,44397.84,7787.31,53337
c7e0b4d2-3d3a-5808-bd32-4f605867485e,1981-09-26,,999-67-6428,S99956062,X57613337X,Mr.,Valentin929,Jackson413,Lebsack687,,,M,white,nonhispanic,M,Chicopee  Massachusetts  US,394 Wiegand Ferry Suite 24,Westport,Massachusetts,Bristol County,,00000,41.598419300383306,-71.09716542974591,92849.29,41621.57,145122
54073b02-3acc-c785-7f73-4912b03ced4d,1951-02-03,,999-26-4482,S99939277,X16965552X,Mr.,Will178,Eugenio846,Rempel203,,,S,white,nonhispanic,M,Tisbury  Massachusetts  US,777 Runolfsson Common,North Falmouth,Massachusetts,Barnstable County,25001,02556,41.65377353167835,-70.64058932968584,207687.40,139123.65,50350
5966a5da-5700-3719-47a7-519b01444811,1987-06-07,,999-84-8171,S99979900,X82072052X,Mr.,Kennith515,Weston546,Lang846,,,M,white,nonhispanic,M,Worcester  Massachusetts  US,658 Bergstrom Manor Apt 46,Lowell,Massachusetts,Middlesex County,25017,01851,42.599161271594035,-71.3392194873495,122605.78,601696.94,40916
50e252b9-960b-3808-4379-7b2596a8dfce,1974-10-08,,999-99-3813,S99944321,X31097462X,Mrs.,Savannah232,Cathrine584,Morar593,,Carter549,M,white,hispanic,F,Springfield  Massachusetts  US,807 Reinger Hollow,Randolph,Massachusetts,Norfolk County,25021,02368,42.15737318583295,-71.10147281213746,358231.00,396982.73,67731
d3b3cdd0-bafa-b8a4-a64d-0c43b2ddb69a,1978-02-01,,999-88-4212,S99926604,X76211696X,Mr.,Jc393,Francis500,Schultz619,,,M,asian,nonhispanic,M,Seoul  Seoul  KR,902 Waters Brook,Grafton,Massachusetts,Worcester County,,00000,42.162826898551465,-71.65105158286192,56932.91,63603.33,104757
804ab781-33af-6d58-afd1-b1298cf9f557,1987-07-23,,999-39-7771,S99964251,X44648321X,Mrs.,Doreatha634,Karly825,Ziemann98,,Wehner319,D,white,nonhispanic,F,Cambridge  Massachusetts  US,345 Hodkiewicz Mission,Fall River,Massachusetts,Bristol County,25005,02724,41.6593373122267,-71.12660933517185,98257.14,577697.92,24005
7fcacc11-d684-cfa4-b71a-c7ff2ae6d96d,2013-07-06,,999-81-1521,,,,Emery884,,Sanford861,,,,white,nonhispanic,M,Brockton  Massachusetts  US,492 McClure Gateway,Quincy,Massachusetts,Norfolk County,25021,02170,42.26352148516055,-71.06708173979949,36878.04,23818.53,47718
c4e87207-e806-33c4-1adb-d0a1ff470c40,2020-12-17,,999-77-4174,,,,Milford485,Jayson808,Batz141,,,,asian,nonhispanic,M,Boston  Massachusetts  US,610 Jones Forge Suite 94,Quincy,Massachusetts,Norfolk County,25021,02169,42.2189895262284,-71.12923024466669,16098.52,0.00,37424
f76dedb9-2077-b227-44c4-6f51cf645ada,1972-07-06,,999-10-4150,S99956724,X13769165X,Mrs.,Elvira561,,Kozey370,,Bernhard322,M,white,nonhispanic,F,Longmeadow  Massachusetts  US,1073 Gutmann Vale,Somerset,Massachusetts,Bristol County,25005,02725,41.72888458082203,-71.11661907369604,21248.79,1263049.04,1203
a993bfb1-1afb-da20-199b-77ce25902baa,1948-05-10,,999-40-6314,S99926498,X80662517X,Ms.,Classie132,Lulu18,Klein929,,,S,white,nonhispanic,F,Buzzards Bay  Massachusetts  US,427 Bernhard Wall,Sherborn,Massachusetts,Middlesex County,,00000,42.20807847606263,-71.32623367058774,273339.65,430825.11,289313
b1dbdcda-2e8b-3f76-e3df-57798e311c63,1958-05-02,,999-71-4622,S99979850,X27357972X,Mrs.,Danelle47,,Russel238,,Lubowitz58,M,white,nonhispanic,F,New Bedford  Massachusetts  US,1052 Balistreri Overpass Suite 41,Webster,Massachusetts,Worcester County,25027,01570,42.053395112541985,-71.88113862339097,261799.29,619156.32,133041
0e076015-34ed-e612-eedd-fb7d60c75158,2006-09-26,,999-49-9355,S99936060,,Ms.,Altha90,Gloria696,Herzog843,,,,white,nonhispanic,F,Townsend  Massachusetts  US,894 Wuckert Club,Worcester,Massachusetts,Worcester County,25027,01603,42.2513946576144,-71.82927696943821,73761.25,0.00,81395
bbb75121-1b99-dc03-3c90-ab0fe72c952c,2005-11-28,,999-57-7830,S99929533,,Ms.,Justin359,Dimple273,Hackett68,,,,black,nonhispanic,F,Taunton  Massachusetts  US,1005 Hessel Lock,Boston,Massachusetts,Suffolk County,25025,02109,42.41071127732299,-71.08630443411,92534.70,0.00,83028
aed8283a-69ae-aee1-b478-cfab1f654cb2,1985-03-01,,999-16-9391,S99945292,X28884822X,Mrs.,Caitlyn56,,Paucek755,,Lemke654,D,asian,nonhispanic,F,Uxbridge  Massachusetts  US,1015 Effertz Dale,Natick,Massachusetts,Middlesex County,,00000,42.317121792233436,-71.33882884023615,13495.20,732242.02,21379
c465ca20-533a-06d3-3194-870b1ca47b1a,1978-08-05,,999-27-8360,S99970785,X70710196X,Mrs.,Karry11,Shandra823,Crooks415,,Shields502,M,white,nonhispanic,F,Boston  Massachusetts  US,256 Toy Trail,Franklin,Massachusetts,Norfolk County,25021,02038,42.10663642682864,-71.4589608083603,254341.94,1346881.68,175403
4b7b2f36-914b-c5e1-c41a-8c3b19a5f819,1999-12-25,,999-98-8474,S99915804,X55062269X,Ms.,Marshall526,Fernanda589,Cassin499,,,,white,nonhispanic,F,East Harwich  Massachusetts  US,187 Volkman Flat Suite 12,Woburn,Massachusetts,Middlesex County,25017,01801,42.5027427394311,-71.19506957525918,122028.19,205477.70,121285
86d95a14-8b55-e37d-3fd7-971739e619ae,2012-11-07,,999-37-2523,,,,Refugia211,Jeffrey461,Swift555,,,,white,nonhispanic,F,Amesbury  Massachusetts  US,632 Mosciski Knoll Suite 48,Scituate,Massachusetts,Plymouth County,25023,02066,42.20903298684086,-70.7836389213933,19411.35,23999.32,41235
bed37cba-fdac-83fd-b384-1ec6ce409df3,1963-03-23,,999-50-9724,S99911757,X54891537X,Mrs.,Jae222,Felipa93,Stark857,,Hettinger594,M,white,nonhispanic,F,Brockton  Massachusetts  US,242 Harber Avenue,Boston,Massachusetts,Suffolk County,25025,02119,42.381264181307834,-71.08804543397984,336623.53,1426536.93,32781
c86662c7-e25f-cbfc-4bac-20e0d65c6f39,2012-07-28,,999-78-4587,,,,Horace32,,Schaden604,,,,white,nonhispanic,M,Abington  Massachusetts  US,256 Schiller Passage,Easthampton,Massachusetts,Hampshire County,25015,01027,42.282498699242815,-72.73470343208153,2929.48,34843.97,10624
113ab7c9-ddd4-a08b-fa4d-71a253b60cda,2016-02-11,,999-27-5780,,,,Milissa240,Tomi599,Stracke611,,,,white,nonhispanic,F,Boston  Massachusetts  US,224 Grimes Manor Suite 44,Worcester,Massachusetts,Worcester County,25027,01609,42.28455721003762,-71.78692882090917,13466.94,12514.13,74575
c1f82dc8-c3a9-274e-43df-31dd6ec126d4,1975-11-19,,999-77-6916,S99959848,X78818552X,Mr.,Roberto515,Roberto515,Orosco477,,,M,white,hispanic,M,Caracas  Capital District  VE,582 Abbott Knoll,Fall River,Massachusetts,Bristol County,25005,02790,41.55429289107126,-71.09018386196182,130099.31,0.00,67479
6fe13a33-b87e-217d-01cb-d7853f6fa9b2,2009-12-13,,999-17-9220,,,,Lenita591,Zenobia558,Metz686,,,,white,nonhispanic,F,Boston  Massachusetts  US,863 Osinski Grove Suite 20,Leominster,Massachusetts,Worcester County,25027,01420,42.627307015062456,-71.83809702766862,6351.38,80761.51,5839
d71e5d5f-8443-63ed-e1cc-2c4140775660,1973-12-06,,999-91-8681,S99969841,X14058437X,Mr.,Leonardo412,,Goyette777,,,M,white,hispanic,M,Eastham  Massachusetts  US,414 Murphy Trafficway,Halifax,Massachusetts,Plymouth County,,00000,41.98253685507979,-70.83266098911464,16751.59,769947.16,142477
b216d4b8-8c92-25e1-3a7b-7ed96e9a2f04,2012-04-10,,999-73-9414,,,,Deetta949,Jann271,Hudson301,,,,white,hispanic,F,Medfield  Massachusetts  US,597 Hirthe Ville,Fitchburg,Massachusetts,Worcester County,25027,01420,42.584873619036635,-71.80041896932026,3256.17,38462.48,24654
4fecd378-fdb0-d726-0c98-3faa98f0152f,1973-06-30,,999-72-2794,S99934541,X51076772X,Mrs.,Melanie283,Dion244,Emmerich580,,Franecki195,M,white,nonhispanic,F,North Lakeville  Massachusetts  US,931 Lehner Park Apt 11,Springfield,Massachusetts,Hampden County,25013,01118,42.1579029396611,-72.57404238373825,977117.90,153671.98,76039
685cd5c6-9cc8-1108-5a82-8f9c0768ea76,1961-04-28,,999-69-5712,S99913357,X13621750X,Mrs.,Ivonne773,Robyn562,Kuhn96,,Halvorson124,W,white,nonhispanic,F,Newburyport  Massachusetts  US,1022 Collier Annex Apt 78,Shrewsbury,Massachusetts,Worcester County,,00000,42.258868694414694,-71.73216898751309,20627.24,1817907.55,20480
1f0029cb-195d-f68b-9e4a-61449d505028,2000-06-14,,999-59-6519,S99938517,X29655014X,Ms.,Sharri659,Lue764,Feest103,,,,white,nonhispanic,F,Taunton  Massachusetts  US,682 Conn Arcade,Southborough,Massachusetts,Worcester County,,00000,42.2792371590188,-71.53833452405475,70287.74,705285.43,976864
a5e6cfe1-b6d7-9d18-540b-3234ebbad64c,1978-11-05,,999-46-9489,S99952824,X61261790X,Ms.,Kathern391,Laurence43,Nader710,,,S,other,nonhispanic,F,Palmer  Massachusetts  US,584 Keeling Mill Suite 67,Wakefield,Massachusetts,Middlesex County,25017,01880,42.470938016506594,-71.05635699129013,238972.84,373045.67,144176
d29ac9a5-c9fa-c0ea-36d7-8ddf608e5bd2,2000-12-11,,999-23-2595,S99994936,X47516916X,Mr.,Gregg522,Normand813,Nikolaus26,,,,white,nonhispanic,M,Winchester  Massachusetts  US,319 Spencer Arcade,Billerica,Massachusetts,Middlesex County,,00000,42.60890181584802,-71.25340605174199,70756.83,15315.99,54607
eaebc904-e8c7-e4a7-75d3-97ec0df9a53a,1999-11-14,,999-72-1205,S99970936,X78679056X,Mr.,Zack583,Jean712,Skiles927,,,,white,nonhispanic,M,Stoughton  Massachusetts  US,949 Harvey Extension,Lowell,Massachusetts,Middlesex County,25017,01850,42.69503667178212,-71.29386847966289,9865.97,264171.12,23179
20571861-4507-9a42-fe0f-9818ffabb16d,1962-04-08,,999-78-2647,S99913489,X16205621X,Mr.,Harvey63,,D'Amore443,,,S,white,nonhispanic,M,Mashpee  Massachusetts  US,1068 Wintheiser Lodge Unit 24,Adams,Massachusetts,Berkshire County,25003,01220,42.57639055679175,-73.1221879002942,25382.20,155878.58,141517
f3e71318-37f1-420b-5850-014f95c08226,1962-12-27,,999-52-8584,S99951561,X83191551X,Mr.,Wilfred787,Mauricio81,Orn563,,,M,white,nonhispanic,M,Wareham  Massachusetts  US,939 Aufderhar Ramp,Natick,Massachusetts,Middlesex County,,00000,42.2363680281711,-71.38574785640694,428237.89,425105.61,42661
8346c744-3f40-00d9-7bb1-560964338542,2018-03-06,,999-63-4918,,,,Camilla89,Michael441,Powlowski563,,,,white,nonhispanic,F,Amherst Center  Massachusetts  US,157 Balistreri Ramp Unit 45,Upton,Massachusetts,Worcester County,25027,01568,42.13823233368145,-71.63232645060845,13438.53,14180.75,79351
23a92887-f090-4cf2-8f8d-8793055dc957,1934-12-10,,999-54-7780,S99954328,X74014087X,Mrs.,Sona831,Hong136,Bayer639,,Kunze215,D,white,nonhispanic,F,Sudbury  Massachusetts  US,578 Wilkinson Estate,Barnstable,Massachusetts,Barnstable County,25001,02637,41.592046974336725,-70.43884310842904,285112.16,841922.70,709184
d82a1ee7-31b6-6727-2bd8-6dce8f23592b,1986-10-23,,999-94-7030,S99945670,X81680243X,Mr.,Demarcus108,,Kris249,,,M,white,nonhispanic,M,Grafton  Massachusetts  US,301 Goldner Grove Unit 72,Billerica,Massachusetts,Middlesex County,,00000,42.54128141506893,-71.30832289789787,50026.07,666110.62,109821
28f969b1-98bb-c124-8dd0-d29beb5fa24b,1916-02-14,2002-03-17,999-41-4283,S99989595,X22053871X,Mrs.,Arnetta705,,Lang846,,Reinger292,D,asian,nonhispanic,F,Chongqing  Chongqing Municipality  CN,1003 Koepp Trace,Amherst Center,Massachusetts,Hampshire County,,00000,42.39738183828374,-72.46862896837278,1001858.83,1246729.69,63412
2182f9fb-df28-28cd-ad91-a2dbe64b1cf8,1952-12-30,2001-02-24,999-80-3439,S99977084,X64013499X,Mr.,Óscar156,Sergio619,Duran646,,,M,white,hispanic,M,Wesley  Saint Andrew Parish  DM,903 Beatty Landing,Worcester,Massachusetts,Worcester County,25027,01604,42.24765251318199,-71.79724699900758,8104.24,132735.53,7120
9e2d2988-5931-845c-df40-139c223c84a3,2009-02-19,,999-41-4196,S99999342,,,Chris95,Porter490,VonRueden376,,,,white,nonhispanic,M,Methuen  Massachusetts  US,838 Vandervort Manor,Brockton,Massachusetts,Plymouth County,25023,02302,42.09268931797753,-71.0536508627027,3250.00,114633.39,11003
cad5ac78-646f-b92a-e77c-33031aa3cabe,1973-10-25,,999-20-4334,S99997210,X31644086X,Mrs.,Marhta321,Estefana715,Bogan287,,Considine820,M,white,nonhispanic,F,Peabody  Massachusetts  US,162 Shanahan Drive,Douglas,Massachusetts,Worcester County,,00000,42.07486809913082,-71.71532014010289,349319.09,110763.59,55812
9626af35-4ca7-f6eb-2247-5143eacd48cb,2006-12-07,,999-68-1908,S99990356,,Ms.,Mafalda94,Amy965,Wisozk929,,,,black,nonhispanic,F,Rutland  Massachusetts  US,206 Boyle Knoll,Brookline,Massachusetts,Norfolk County,25021,02445,42.31601795577079,-71.07371608675375,86248.14,125772.35,86743
a74116f0-015f-8a0b-c804-39515ba11ace,1983-09-13,2016-11-30,999-22-1752,S99933961,X37255253X,Mr.,Courtney281,,Funk324,,,M,white,nonhispanic,M,Toulouse  Occitanie  FR,768 Shanahan Manor,Woburn,Massachusetts,Middlesex County,25017,01801,42.51896833307618,-71.14445825669128,142304.12,629000.46,29749
6521a657-e322-29b5-ada8-e7849742d994,1961-02-13,,999-60-7001,S99957085,X13114348X,Ms.,Phoebe31,Kattie846,Barton704,,,S,black,nonhispanic,F,Salisbury  Massachusetts  US,600 Corwin Ranch,Uxbridge,Massachusetts,Worcester County,,00000,42.060381131084746,-71.63758076831633,1223825.97,550413.92,53698
6dd4d7a8-99d9-dc78-2dcb-4f7e9c282c6f,1983-09-13,,999-19-9877,S99947063,X64225867X,Mr.,Eugenio846,Gale827,Carter549,,,M,white,nonhispanic,M,Lyon  Auvergne-Rhone-Alpes  FR,920 Lindgren Gate Unit 16,Woburn,Massachusetts,Middlesex County,25017,01890,42.50100934302186,-71.11495244340574,81405.52,33030.96,29749
efde4636-000c-d26d-1d12-05aaa78e6f77,2011-02-07,,999-28-4593,,,,Luisa710,Clara183,Rubio813,,,,white,hispanic,F,Santiago de los Caballeros  Santiago  DO,993 Kuhlman Mission Unit 9,Newbury,Massachusetts,Essex County,,00000,42.804027089127445,-70.83639559599027,33347.47,6237.68,51098
5fbb7cd0-ab0f-97e0-ad1b-78b260ca3ff1,1952-12-30,,999-33-1070,S99971112,X52380764X,Mr.,Mariano761,Gilberto712,Moreno82,,,M,white,hispanic,M,Caguas  Puerto Rico  PR,903 Wisozk Annex Suite 45,Worcester,Massachusetts,Worcester County,25027,01608,42.2616752034162,-71.76428425600066,26400.76,888152.17,7120
f952d41f-c3ee-717c-4185-e02cd757ad7e,1972-11-19,,999-96-9657,S99961331,X60359597X,Ms.,Valarie790,Laquita685,Oberbrunner298,,,S,white,nonhispanic,F,Boston  Massachusetts  US,688 Hagenes Rue Apt 58,Arlington,Massachusetts,Middlesex County,25017,02476,42.373874718522934,-71.16712088410685,343977.62,120350.07,94633
5bf77adb-b184-ad79-7caf-5918eb2f4b97,1983-11-27,,999-81-4110,S99973511,X32653977X,Mr.,Bob965,Burl285,Mertz280,,,M,asian,nonhispanic,M,Lynn  Massachusetts  US,930 Hoeger Bay Apt 10,Weymouth,Massachusetts,Norfolk County,25021,02189,42.23292975070537,-70.97077675984983,144082.39,0.00,86657
cb95ac11-d7e8-7c92-5a7b-5ce8c82a5ce9,2017-10-16,,999-53-8573,,,,Derek111,Lewis216,Ortiz186,,,,white,nonhispanic,M,Weston  Massachusetts  US,365 Beatty Grove,Alford,Massachusetts,Berkshire County,,00000,42.24181931111182,-73.47593083044104,10418.13,7180.94,102529
c4b8f4fd-0bab-12fd-1400-0aa154cb602b,1982-05-13,,999-50-6620,S99994428,X83745347X,Mr.,Malik994,Santo387,Gutmann970,,,M,white,nonhispanic,M,Braintree  Massachusetts  US,604 Stehr View,Taunton,Massachusetts,Bristol County,25005,02780,41.88888709723073,-71.12003271821521,102062.34,0.00,38123
570a11f6-38e3-9419-ee73-49e77f6396ff,1950-04-08,,999-65-2389,S99920708,X27865542X,Mr.,Ferdinand55,Angel97,Fahey393,,,W,asian,nonhispanic,M,Haiphong  Kiến An  VN,865 Hand Knoll,Lynn,Massachusetts,Essex County,25009,01905,42.49691785634431,-70.99806648331881,215574.87,416396.33,150511
342f3a01-0156-b7e9-43bd-b12472e98245,1916-02-14,2019-11-28,999-85-4995,S99992553,X76988262X,Mrs.,Letha284,Kathern391,Hirthe744,,Shanahan202,M,asian,nonhispanic,F,Shanghai  Shanghai Municipality  CN,678 Ryan Wall,Amherst Center,Massachusetts,Hampshire County,,00000,42.34204613661445,-72.5480439828782,89261.02,2058749.03,63412
7ea36ddf-f8d5-61dd-4f95-3f9f9418eab5,2025-02-18,,999-43-9276,,,,Lavonne167,,Schamberger479,,,,white,nonhispanic,F,Waltham  Massachusetts  US,738 Bartell Dale,Malden,Massachusetts,Middlesex County,25017,02148,42.45378781203993,-71.08039558636287,100.00,520.18,17699
a9bc03f1-d240-2abe-f5e4-cfb2b06c815b,1966-09-26,,999-85-3003,S99920668,X81347111X,Mrs.,Berna338,Claudine313,Reichert620,,Hickle134,D,white,nonhispanic,F,Amherst Center  Massachusetts  US,583 Huel Esplanade,Boston,Massachusetts,Suffolk County,25025,02152,42.34876471136948,-71.01977619012129,225697.32,817587.28,26601
6c58760f-910b-41d6-ac0d-1fc3c8c39a9c,1953-01-07,,999-18-9455,S99995829,X77052397X,Mr.,Vaughn909,Garth972,O'Hara248,,,M,asian,nonhispanic,M,Worcester  Massachusetts  US,921 Leuschke Viaduct,Peabody,Massachusetts,Essex County,25009,01940,42.58290759334378,-71.0087090778683,252385.49,836208.16,127693
96b5c233-58d0-3f88-298e-6159f800de47,1987-10-02,,999-15-2190,S99988377,X2788482X,Mr.,Colton403,Arron144,Farrell962,,,M,white,nonhispanic,M,Westwood  Massachusetts  US,994 Konopelski Lane Unit 31,Leominster,Massachusetts,Worcester County,25027,01420,42.60712063542501,-71.79873021053466,112149.74,0.00,53527
f1e88ef6-fc0a-632b-9e3c-7c5adf628bf3,1993-12-28,,999-22-2373,S99971954,X4246749X,Mrs.,Lyda594,Isadora719,Nader710,,Purdy2,M,white,nonhispanic,F,Williamstown  Massachusetts  US,394 Schultz Estate Unit 59,Medford,Massachusetts,Middlesex County,25017,02145,42.38394449925393,-71.06517106627203,8456.21,339984.96,15783
fc65519a-cac6-cbd5-093c-b16158c8293f,1987-12-06,,999-29-9243,S99968054,X47752870X,Ms.,Cayla360,,Abshire638,,,S,white,nonhispanic,F,Wellesley  Massachusetts  US,580 Kuphal Common,Wakefield,Massachusetts,Middlesex County,25009,01940,42.56158436411137,-71.05188225774057,438938.23,647094.77,57689
9fee2475-cb2e-0d31-ab7a-f1bd7197e102,1947-03-04,2021-11-12,999-54-1378,S99934452,X50016485X,Mr.,Milo271,Walton167,Mitchell808,,,M,white,nonhispanic,M,Boston  Massachusetts  US,646 Bergnaum Crossing,Wellesley,Massachusetts,Norfolk County,25021,02482,42.34855894153325,-71.31867120312803,252790.81,842149.42,48974
8b754b9a-1578-cdb3-df3d-6bc841ebd32a,1916-12-17,1978-04-15,999-20-5004,S99917291,X28237809X,Mr.,Augustus49,Roderick835,Corwin846,,,M,white,nonhispanic,M,West Concord  Massachusetts  US,1093 Stiedemann Green,Walpole,Massachusetts,Norfolk County,25021,02081,42.16540757925847,-71.24034680921135,270261.46,23291.53,65364
5ea572ba-4405-501c-b4c3-6b0ddab353c4,1916-02-14,1977-10-30,999-55-1383,S99998344,X16666274X,Mrs.,Debra128,Tamekia382,Gottlieb798,,Kuhn96,D,asian,nonhispanic,F,Shanghai  Shanghai Municipality  CN,442 Ward Junction Apt 20,Amherst Center,Massachusetts,Hampshire County,,00000,42.404966274673264,-72.55913549506592,831539.52,701021.48,63412
89b5d151-3a4b-58b8-b059-ba16f0affa5b,1916-02-14,2010-01-31,999-20-8610,S99958159,X1488755X,Mrs.,Jung484,Clarice719,Windler79,,Jones311,M,asian,nonhispanic,F,Chongqing  Chongqing Municipality  CN,805 Lehner Annex,Amherst Center,Massachusetts,Hampshire County,,00000,42.388767315071135,-72.5197476842177,890447.51,544469.72,63412
272aefe4-efd6-46df-1410-ac58a638efa1,1947-03-04,,999-41-8337,S99981559,X45223313X,Mr.,Son314,Chadwick722,Stanton715,,,M,white,nonhispanic,M,Dennis  Massachusetts  US,510 Rowe Rest Apt 9,Wellesley,Massachusetts,Norfolk County,25021,02481,42.2843748359234,-71.30420267150389,325281.15,157948.01,48974
bab43d6e-e0ca-eb91-ab2f-2450ac8c3036,1939-11-05,,999-70-2254,S99979064,X74063916X,Mr.,Gregg522,Shawn523,Dach178,,,M,white,nonhispanic,M,Gardner  Massachusetts  US,957 Price Bay,Barnstable,Massachusetts,Barnstable County,25001,02668,41.71128595655139,-70.21156331532868,313001.45,238805.58,47632
47efa58d-a9e0-7240-e54d-cf422a84ce1c,2012-03-28,,999-14-7744,,,,Mickey576,Mike230,Gutmann970,,,,white,nonhispanic,M,Lynn  Massachusetts  US,130 Adams Corner Unit 33,Vineyard Haven,Massachusetts,Dukes County,25007,02568,41.47135282505695,-70.57385005701902,18336.97,19480.57,90252
d4211e89-979d-9d5f-0201-4c00ee177846,2000-01-17,,999-57-3221,S99941715,X88576979X,Mr.,Marcelino726,Wilbert25,Fritsch593,,,,white,nonhispanic,M,Westfield  Massachusetts  US,332 Marks Brook Suite 99,Norfolk,Massachusetts,Norfolk County,,00000,42.15102051511628,-71.32203077129341,83974.88,2660.76,155125
ae90173a-5b14-7d8f-466d-d4a61ab960f5,2017-12-05,,999-34-9032,,,,Marquis364,Lon587,Dibbert990,,,,black,nonhispanic,M,Boston  Massachusetts  US,229 Waters Arcade,Boston,Massachusetts,Suffolk County,25025,02119,42.300406388927705,-71.0647150235039,29062.41,0.00,977194
08969e90-844a-c907-4d3c-a4907951e35e,1915-04-04,1982-03-13,999-74-3374,S99913786,X34252414X,Mr.,Edwardo860,Ariel183,Hermann103,,,M,white,nonhispanic,M,Plymouth  Massachusetts  US,983 Ziemann Rue,Dennis Port,Massachusetts,Barnstable County,25001,02639,41.62188477245642,-70.1456358217096,228241.08,550938.60,126738
f482198b-3865-337c-2be5-379603307c04,2018-01-19,,999-33-6621,,,,Tari300,Michel472,Brekke496,,,,white,nonhispanic,F,Westwood  Massachusetts  US,857 Ward Road Apt 64,Worcester,Massachusetts,Worcester County,25027,01583,42.23121729613694,-71.81307806710025,13280.88,17107.65,31434
8480aa4b-1ff9-0d95-ca2d-833bfde15082,1916-02-14,,999-92-9847,S99961861,X37651586X,Mrs.,Loree183,Cristal338,Maggio310,,Little434,D,asian,nonhispanic,F,Shanghai  Shanghai Municipality  CN,337 Howe Trafficway,Amherst Center,Massachusetts,Hampshire County,,00000,42.35226041282793,-72.56574708895683,731645.57,750486.28,63412
9382e9f2-78fb-b598-72a4-8b80ba4dcada,1974-08-31,,999-45-9378,S99969124,X8200503X,Mr.,Jarvis643,,Cole117,,,M,white,nonhispanic,M,Southborough  Massachusetts  US,339 McClure Ramp,Leominster,Massachusetts,Worcester County,25027,01420,42.57457968109227,-71.77292598948988,110972.65,5309.32,176675
e7e1e0e1-b595-0828-c316-3956184f6332,1915-04-04,1996-07-31,999-43-1055,S99928719,X43136902X,Mr.,Wilfred787,Ulysses632,Ritchie586,,,M,white,nonhispanic,M,Lenox  Massachusetts  US,465 Abbott Estate Unit 45,Dennis Port,Massachusetts,Barnstable County,25001,02639,41.670447622725426,-70.1393380928114,94098.62,588796.27,126738
550fd86a-d09f-17da-80d8-b409d3f964be,1970-09-26,,999-59-2287,S99982495,X63512766X,Mrs.,Sean831,Junita557,Weber641,,Zulauf375,M,other,nonhispanic,F,Blackstone  Massachusetts  US,893 Marquardt Rest Suite 58,Waltham,Massachusetts,Middlesex County,25017,02451,42.400661901102865,-71.20563845627532,211415.50,846845.96,34938
caf414bc-dc9c-5c36-cdcb-b97dade5aec2,1915-04-04,1977-11-25,999-79-6899,S99921805,X10041353X,Mr.,Weston546,Jonathon205,Friesen796,,,M,white,nonhispanic,M,Essex  Massachusetts  US,390 Wiza Frontage road,Dennis Port,Massachusetts,Barnstable County,25001,02639,41.63281592949443,-70.16379789849488,149571.24,84099.23,126738
609e481b-69f6-4833-4090-c83f5268a389,1916-12-17,1972-12-15,999-90-6100,S99931725,X35130046X,Mr.,Horacio317,Thaddeus38,McClure239,,,D,white,nonhispanic,M,West Springfield  Massachusetts  US,462 Ratke Green,Walpole,Massachusetts,Norfolk County,25021,02081,42.127781015712394,-71.21186486483171,544577.70,299420.24,65364
73fe3989-cddc-0079-0a3b-6c2e285646ba,1978-12-08,,999-47-3215,S99993881,X86196061X,Mr.,Von197,Jon665,Weber641,,,M,white,nonhispanic,M,Goshen  Massachusetts  US,360 Kuhlman Arcade Apt 50,Somerville,Massachusetts,Middlesex County,25017,02145,42.37287775503992,-71.13152429841695,111705.59,33597.11,371430
34f3bd7a-c39c-89ef-a403-7ad52af9bdd9,1943-03-23,,999-89-3920,S99979624,X78343621X,Mr.,Timothy142,,Bradtke547,,,S,hawaiian,nonhispanic,M,North Attleborough  Massachusetts  US,677 Batz Estate,Concord,Massachusetts,Middlesex County,,00000,42.4225689929057,-71.37755623584563,232206.15,473038.69,127034
a54bb0fb-7e96-9488-505a-a71d58cdae85,1954-12-17,,999-28-1483,S99985880,X34675298X,Mr.,Wilson960,Rashad361,Gulgowski816,,,M,white,nonhispanic,M,Haverhill  Massachusetts  US,657 Bednar Drive Apt 3,Sandwich,Massachusetts,Barnstable County,25001,02563,41.680461401621486,-70.4593601351036,235633.24,102058.37,127922
50cc8f0e-b1aa-95f0-dbed-7f58830c083b,1915-04-04,1999-06-30,999-75-7536,S99975761,X18008567X,Mr.,Leopoldo762,Roy364,Turcotte120,,,S,white,nonhispanic,M,Boston  Massachusetts  US,1060 Ondricka Estate Apt 50,Dennis Port,Massachusetts,Barnstable County,25001,02639,41.67977629244297,-70.12961278718356,47989.18,531850.61,126738
755d6869-ec0b-4223-64b2-a97b2d85a754,1960-09-07,1982-01-27,999-41-4190,S99964984,X80060621X,Ms.,Mai109,Kaila152,Oberbrunner298,,,,white,nonhispanic,F,Grafton  Massachusetts  US,495 Harvey Throughway Unit 66,Boston,Massachusetts,Suffolk County,25025,02125,42.38809663868155,-71.06935030753345,5835.55,260109.75,19561
4a615375-3591-59a9-5f2c-360da9a85972,1977-03-12,,999-40-9056,S99992287,X1169952X,Ms.,Ammie189,Chae49,Erdman779,,,S,white,nonhispanic,F,Dennis  Massachusetts  US,352 Rutherford Burg Apt 76,Somerset,Massachusetts,Bristol County,25005,02726,41.70862443626546,-71.22812078851732,347702.91,410802.31,53797
c73a3cb9-0d30-1b2d-dd9d-93d983ae0edf,1960-09-07,,999-95-6312,S99927818,X3118155X,Mrs.,Sharyn437,Myrtice99,Hackett68,,Rohan584,W,white,nonhispanic,F,Mansfield  Massachusetts  US,132 Gaylord Neck Apt 9,Boston,Massachusetts,Suffolk County,25025,02114,42.364203497373786,-71.00452288259153,19449.14,997488.40,19561
17137ad1-df08-a285-9598-7854bb9a9c06,1950-09-04,,999-98-7799,S99983046,X30747549X,Ms.,Jennie425,,Kuvalis369,,,S,white,nonhispanic,F,Attleboro  Massachusetts  US,383 Luettgen View,Northampton,Massachusetts,Hampshire County,25015,01053,42.291811027793074,-72.65203676763441,19270.17,1133812.76,20807
1bab6fc1-056f-e2be-53b1-71bf04480aaf,1915-04-04,1982-12-02,999-70-6554,S99946136,X4004216X,Mr.,Gerry91,Korey682,Harber290,,,W,white,nonhispanic,M,West Concord  Massachusetts  US,616 Kovacek Boulevard Suite 23,Dennis Port,Massachusetts,Barnstable County,25001,02639,41.669438365138056,-70.09932560843038,157632.01,135660.12,126738
1c8b4852-9e24-d2ee-3067-dba3e1a2fe31,1992-12-14,,999-24-1237,S99918992,X85217312X,Mr.,Ian270,Murray856,Jakubowski832,,,M,white,nonhispanic,M,Truro  Massachusetts  US,1013 Romaguera Run,Brockton,Massachusetts,Plymouth County,25023,02301,42.074128044752754,-71.0224734358741,207755.02,452939.37,37776
2b3e79b8-ebbd-9561-af99-025c2a6d315e,2022-05-27,,999-81-6905,,,,Elma843,Amparo58,Schaden604,,,,white,nonhispanic,F,Gloucester  Massachusetts  US,499 Toy Junction Apt 69,North Reading,Massachusetts,Middlesex County,,00000,42.60376782813014,-71.13133340055816,8073.62,0.00,470528
88cf5007-702d-aefc-0c38-5598cad8ad5b,2015-08-05,,999-49-9585,,,,Daina567,Jaunita130,Ruecker817,,,,white,nonhispanic,F,Lynn  Massachusetts  US,382 Zulauf Grove,Lawrence,Massachusetts,Essex County,25009,01841,42.71593550064176,-71.1846737312809,21977.74,7818.85,26564
1b832ba6-aefe-52f2-b233-7a3eb5df5417,1980-05-26,,999-62-5851,S99955063,X57881951X,Mr.,Sol312,Alan320,Parisian75,,,S,white,nonhispanic,M,Brockton  Massachusetts  US,566 Murray Mission Unit 81,Springfield,Massachusetts,Hampden County,25013,01107,42.130616002269655,-72.54739891970785,8387.58,150023.84,12561
f5fa972a-9c50-4617-ac31-3d9e9a153ac0,1915-04-04,2009-08-27,999-81-3596,S99955725,X22602851X,Mr.,Hassan290,Arron144,Hoppe518,,,M,white,nonhispanic,M,Needham  Massachusetts  US,207 Bosco Junction,Dennis Port,Massachusetts,Barnstable County,25001,02639,41.68927538370884,-70.12856074933812,174543.59,341585.32,126738
5e124e9f-3280-ad8e-a0b7-bffbf7429389,2010-12-16,,999-87-1977,,,,Lamar193,Johnathon489,Bosco882,,,,white,nonhispanic,M,Boston  Massachusetts  US,315 Wilderman Rest Suite 40,Haverhill,Massachusetts,Essex County,25009,01835,42.759177235553025,-71.08137464475453,84833.99,337231.22,143258
57ef5359-de9c-853f-fe68-0196a5734725,1916-12-17,1997-12-09,999-80-1320,S99985974,X52964592X,Mr.,Ulysses632,Lynwood354,Pfannerstill264,,,D,white,nonhispanic,M,Vineyard Haven  Massachusetts  US,162 Cremin Mall Unit 70,Walpole,Massachusetts,Norfolk County,25021,02081,42.18063718132798,-71.25732306931604,420444.34,958729.44,65364
9ee6b0a1-4f28-ff14-447d-e80eae41ebd2,1949-04-24,2015-01-06,999-72-3600,S99931330,X78708201X,Mrs.,Eliana466,,Erdman779,,Kohler843,M,white,nonhispanic,F,Peabody  Massachusetts  US,736 Sipes Gateway Apt 93,Peabody,Massachusetts,Essex County,25009,01940,42.528124166900966,-70.99557266306502,606956.56,410754.45,42491
e468df34-0afa-83e9-ffdb-973593bba152,1916-12-17,,999-58-8333,S99944883,X26338610X,Mr.,Roberto515,German382,Graham902,,,S,white,nonhispanic,M,North Scituate  Massachusetts  US,530 Murazik Dale,Walpole,Massachusetts,Norfolk County,25021,02081,42.14234744458387,-71.25291818016014,243971.96,361187.65,65364
6a6d942c-794e-d42e-036e-895d833da86c,1949-04-24,,999-53-4795,S99933380,X13642916X,Mrs.,Simona661,Kamala553,Jakubowski832,,Stanton715,M,white,nonhispanic,F,Needham  Massachusetts  US,980 Dare Lock,Peabody,Massachusetts,Essex County,25009,01960,42.57133745724279,-70.98906507747995,824249.49,193604.63,42491
357c5865-2938-db97-1bef-6e213f4e0325,1945-03-30,2023-11-13,999-76-9730,S99992652,X71559083X,Mr.,Ralph813,Taylor21,Lehner980,,,M,white,nonhispanic,M,Holden  Massachusetts  US,278 Cormier Mews Unit 55,Middleton,Massachusetts,Essex County,,00000,42.59151683743924,-71.0375505942855,303166.81,833436.55,89620
b7364dd0-417d-e21c-9fa1-01cda07b329a,1955-06-29,,999-99-9065,S99982963,X87350698X,Mr.,Monroe732,Ron353,Abernathy524,,,D,white,nonhispanic,M,Milford  Massachusetts  US,827 Luettgen View,Lowell,Massachusetts,Middlesex County,25017,01854,42.66665954476979,-71.30381307552925,291948.84,561199.59,36982
b7ec4930-0a84-73bc-ffb7-8af376b4d991,1915-04-04,1992-06-25,999-88-5994,S99940494,X39470598X,Mr.,Carlo647,Von197,Gislason620,,,M,white,nonhispanic,M,Brockton  Massachusetts  US,380 Fay Ville,Dennis Port,Massachusetts,Barnstable County,25001,02639,41.65165990633974,-70.14477636440338,226306.98,1037006.33,126738
8012f198-978b-b0c5-a80a-7e7608a83db4,1945-03-30,2023-06-27,999-58-1268,S99948191,X10605131X,Mr.,James276,Toney527,Purdy2,,,S,white,nonhispanic,M,Holyoke  Massachusetts  US,571 Ortiz Heights,Middleton,Massachusetts,Essex County,,00000,42.61097308604796,-70.96027560727772,175525.44,116660.23,89620
dbe067d2-7587-d9f8-b84a-e4546d3197df,1976-11-27,,999-17-4134,S99982416,X22224099X,Ms.,Ladawn167,Kimberlie352,Hermiston71,,,S,white,nonhispanic,F,Carver  Massachusetts  US,1008 Douglas Branch,Milton,Massachusetts,Norfolk County,25021,02186,42.22230483126264,-71.09390917029724,445931.37,309291.30,61219
f3db3d68-5564-f3ea-cc15-bf2f516aaecc,1945-03-30,2001-06-25,999-20-4969,S99963445,X56932400X,Mr.,Carey440,Kennith515,Kulas532,,,D,white,nonhispanic,M,Worcester  Massachusetts  US,540 Towne Neck Unit 59,Middleton,Massachusetts,Essex County,,00000,42.63582483219706,-70.9851414667022,558547.09,294754.97,89620
ed27ac30-d3d9-7040-0cc3-ad621cc156a8,1945-03-30,1947-09-07,999-26-1912,,,,Hiram237,Jonah176,Bartoletti50,,,,white,nonhispanic,M,Brookline  Massachusetts  US,839 Auer Promenade,Middleton,Massachusetts,Essex County,,00000,42.60615873873335,-71.0114472239032,8679.58,13430.53,89620
4503c45c-aedb-d3d6-877e-780bad719d17,1948-02-28,2000-10-21,999-81-5947,S99934147,X8927953X,Ms.,Chantelle310,Camelia346,Wiza601,,,S,white,nonhispanic,F,Hanson  Massachusetts  US,100 Pagac Loaf,Peabody,Massachusetts,Essex County,25009,01960,42.52876436322325,-70.98302265649093,634715.06,218803.94,77765
57f13fc4-0882-fda3-e99a-7c8b8d0d086b,1964-08-17,,999-38-1809,S99976853,X73944440X,Mr.,Colin861,Hilton264,Medhurst46,,,M,white,nonhispanic,M,Georgetown  Massachusetts  US,795 Rath Fort Suite 98,Everett,Massachusetts,Middlesex County,25017,02149,42.44614498427715,-71.04257734446703,66246.24,885500.58,21385
bcc56e38-4a12-471c-9d9d-5c6b19b85824,2003-04-28,,999-57-8721,S99999697,X41170382X,Mr.,Arthur650,Arthur650,Beahan375,,,,white,nonhispanic,M,Worcester  Massachusetts  US,564 Dickinson Street,Boston,Massachusetts,Suffolk County,25025,02203,42.367919017787266,-71.10838116367884,35864.10,22122.31,35747
8b3c98b0-2c6a-fcd2-b8a8-e4d1966d72ae,1945-03-30,,999-12-9881,S99941099,X35459859X,Mr.,Homer307,Herbert830,Bartoletti50,,,M,white,nonhispanic,M,Dennis  Massachusetts  US,950 Macejkovic Wynd,Middleton,Massachusetts,Essex County,,00000,42.60622049814913,-70.96796180128746,502878.58,365484.41,89620
54de34e5-80be-93aa-5986-924329699aad,1948-02-28,,999-73-2694,S99928489,X79041046X,Mrs.,Joya53,Natosha194,Lind531,,Abernathy524,W,white,nonhispanic,F,Peabody  Massachusetts  US,278 Lind Way Unit 49,Peabody,Massachusetts,Essex County,25009,01940,42.55095988035964,-71.01914103921429,560979.54,193371.16,77765
c795f81f-acf0-1303-6c8f-de5f7d4ecf39,1998-03-24,,999-55-1419,S99913895,X64774442X,Mr.,Dan465,Erick204,Durgan499,,,,white,nonhispanic,M,Quincy  Massachusetts  US,297 Hartmann Knoll,Worcester,Massachusetts,Worcester County,25027,01605,42.37381278736157,-71.76392119904206,94783.21,4324.92,83819
8e4dac45-261b-31d5-6220-fc323dedd7cb,2016-06-15,,999-67-2851,,,,Victor265,Kina737,Goldner995,,,,white,nonhispanic,F,Boston  Massachusetts  US,704 Rempel Landing,Orange,Massachusetts,Franklin County,25011,01364,42.64341964114881,-72.26537470569436,25709.93,0.00,52669
5c45c341-55de-b6b0-c6f6-48d615a61194,1946-10-19,,999-12-9736,S99960299,X43006247X,Mr.,Jamaal34,,Champlin946,,,M,white,nonhispanic,M,Cheshire  Massachusetts  US,784 O'Conner Frontage road,Fall River,Massachusetts,Bristol County,25005,02724,41.75689058754,-71.09308275241047,295479.77,162959.76,101937
675f0883-6a1d-7d8e-f7c2-bbe34125c869,1965-08-20,,999-44-6641,S99922019,X77971259X,Mrs.,Tanna708,Lore422,Hyatt152,,Gleason633,M,white,nonhispanic,F,Great Barrington  Massachusetts  US,866 Hackett Brook Apt 16,Haverhill,Massachusetts,Essex County,25009,01832,42.80736450867055,-71.12344050712812,217445.41,648348.92,28935
93a03445-fe41-caaf-52eb-b1cd8690e385,1974-02-10,,999-86-9677,S99932924,X70532945X,Mr.,Jesus702,Valentin929,Sporer811,,,M,white,nonhispanic,M,Cambridge  Massachusetts  US,164 Block Esplanade,Westport,Massachusetts,Bristol County,,00000,41.53685373357294,-71.07954139727723,97842.29,25155.47,471408
8609ca7f-77c8-ec76-dde4-06628ec4f8fa,1982-09-10,,999-74-9467,S99969888,X64155336X,Ms.,Sharika71,,Walker122,,,S,white,nonhispanic,F,Longmeadow  Massachusetts  US,973 Waelchi Quay Suite 10,Pittsfield,Massachusetts,Berkshire County,25003,01201,42.478026190142806,-73.30567793903826,439772.63,190116.99,76755
2f12e0bd-98b8-8ba2-643a-6aca9799cbb2,1971-10-29,1996-06-21,999-92-7480,S99962739,X78697356X,Mr.,Alex454,Jake169,White193,,,,black,nonhispanic,M,North Reading  Massachusetts  US,110 Rutherford Key Apt 1,Waltham,Massachusetts,Middlesex County,25017,02453,42.38461306597809,-71.20102679448972,106853.28,0.00,39227
ac29c6c9-f1e2-e843-0432-e3ba92743af6,2004-08-15,,999-90-7327,S99954004,X51967786X,Ms.,Emilee283,Magali989,Beier427,,,,white,nonhispanic,F,Cambridge  Massachusetts  US,824 Douglas Union Apt 82,Grafton,Massachusetts,Worcester County,,00000,42.19469584627888,-71.70566894535717,60675.74,109293.20,128217
f78a6433-f763-09a8-bfe9-b754757d4ee8,1988-02-09,,999-25-8502,S99996222,X69892315X,Mr.,Gene733,Margarito178,Reichel38,,,M,white,nonhispanic,M,Reading  Massachusetts  US,669 Nienow Gardens,Chelmsford,Massachusetts,Middlesex County,,00000,42.550629941808154,-71.33792868522637,8893.38,82323.39,22815
13ffc914-160b-e6c3-8cb4-76560be1532f,1997-10-28,,999-13-1944,S99951662,X59629891X,Mr.,Luis923,Gonzalo160,Reynoso837,,,,white,hispanic,M,Port-au-Prince  Haiti  HT,240 Stehr Brook,Westfield,Massachusetts,Hampden County,25013,01085,42.09125122499952,-72.8127153433572,5553.27,86517.80,10058
f1e75d79-ee0f-b017-8336-951a3f900103,1971-10-29,,999-81-3778,S99980236,X26100156X,Mr.,Ronny764,Elbert916,Pfeffer420,,,S,black,nonhispanic,M,Revere  Massachusetts  US,654 Wuckert Course Apt 4,Waltham,Massachusetts,Middlesex County,25017,02453,42.35569934194569,-71.25990404279041,110288.97,38881.22,39227
b21d2802-a14f-3f00-0c34-142bd4fb44ce,2000-07-13,,999-88-4523,S99937760,X47128505X,Ms.,Nakia544,Lenita591,West559,,,,white,nonhispanic,F,Wakefield  Massachusetts  US,659 Krajcik Wynd,Newton,Massachusetts,Middlesex County,25017,02468,42.417971028733355,-71.22041712296358,62778.44,205992.10,716485
a770b4ba-63c9-d1c5-5177-cd9f71e91e1e,1915-04-04,2006-09-28,999-41-4163,S99945512,X62058545X,Mr.,Maria750,Curtis94,Kunze215,,,D,white,nonhispanic,M,Boston  Massachusetts  US,340 Bailey Spur Apt 43,Dennis Port,Massachusetts,Barnstable County,25001,02639,41.71352560488721,-70.09636350422674,68118.59,2607254.11,126738
19044bac-e685-a09d-2c79-769263eaac4e,1915-04-04,1999-07-15,999-27-7253,S99968299,X31228113X,Mr.,Brent147,,Considine820,,,M,white,nonhispanic,M,Belchertown  Massachusetts  US,714 Olson Manor,Dennis Port,Massachusetts,Barnstable County,25001,02639,41.66665820672305,-70.09896654916056,147352.57,560659.06,126738
79c6eef9-ac4e-98f1-0ab8-ca98b87342e9,1915-04-04,2012-06-07,999-26-8539,S99942815,X5817284X,Mr.,Cordell41,Mel236,Jerde200,,,S,white,nonhispanic,M,Dartmouth  Massachusetts  US,914 Legros Road,Dennis Port,Massachusetts,Barnstable County,25001,02639,41.6294073702004,-70.10048170085891,173592.87,216132.41,126738
caef50a6-4182-524f-2a42-e3d8499f1a06,1915-04-04,1987-10-13,999-78-3500,S99984016,X33618422X,Mr.,Phillip440,Dusty207,Streich926,,,M,white,nonhispanic,M,Bridgewater  Massachusetts  US,546 Shanahan Corner,Dennis Port,Massachusetts,Barnstable County,25001,02639,41.71607802042354,-70.13754119695608,145858.28,228253.14,126738
59be6f33-cd77-774a-8e0f-3286eff96d1c,1938-01-14,,999-34-5841,S99920462,X53432197X,Mr.,Zachariah133,Antonia30,Labadie908,,,M,white,nonhispanic,M,Framingham  Massachusetts  US,530 Kilback Gateway,Dennis Port,Massachusetts,Barnstable County,25001,02639,41.68616787400356,-70.11516950303907,56268.07,448379.82,126738
